Primary site	Site subtype 1	Site subtype 2	Site subtype 3	CALOHA
adrenal_gland	adrenal_gland	ns	ns	TS-0016
adrenal_gland	extraadrenal	ns	ns	TS-2001
adrenal_gland	ns	ns	ns	TS-0016
autonomic_ganglia	abdomen	ns	ns	TS-0001
autonomic_ganglia	adrenal_gland	ns	ns	TS-0016
autonomic_ganglia	bladder	ns	ns	TS-1090
autonomic_ganglia	cervical	ns	ns	TS-2485
autonomic_ganglia	chest	ns	ns	TS-1039
autonomic_ganglia	extraadrenal	ns	ns	TS-2001
autonomic_ganglia	head_neck	carotid_body	ns	TS-2469
autonomic_ganglia	head_neck	jugular_fossa_and_tympanic_cavity	ns	TS-2356
autonomic_ganglia	head_neck	ns	ns	TS-2356
autonomic_ganglia	mediastinum	ns	ns	TS-2338
autonomic_ganglia	ns	ns	ns	TS-2340
autonomic_ganglia	para_aortic	ns	ns	TS-2484
autonomic_ganglia	paraspinal	ns	ns	TS-2001
autonomic_ganglia	pelvis	ns	ns	TS-2227
autonomic_ganglia	retroperitoneum	ns	ns	TS-2337
autonomic_ganglia	sinonasal_and_nasal_cavity	ns	ns	TS-2456
autonomic_ganglia	small_intestine	ns	ns	TS-0942
autonomic_ganglia	subcutaneous	ns	ns	TS-2001
biliary_tract	bile_duct	ns	ns	TS-0075
biliary_tract	gallbladder	ns	ns	TS-0394
biliary_tract	ns	ns	ns	TS-1308
bone	acetabulum	ns	ns	TS-2413
bone	calcaneus	ns	ns	TS-2448
bone	cranium	ns	ns	TS-2344
bone	extraskeletal	ns	ns	TS-2090
bone	femur	ns	ns	TS-0322
bone	fibula	ns	ns	TS-2203
bone	frontal	ns	ns	TS-2414
bone	hip	ns	ns	TS-2226
bone	humerus	ns	ns	TS-2202
bone	ilium	ns	ns	TS-2200
bone	ischium	ns	ns	TS-2451
bone	knee	ns	ns	TS-2220
bone	mandible	ns	ns	TS-2225
bone	maxilla	ns	ns	TS-2217
bone	metacarpus	ns	ns	TS-2218
bone	metatarsus	ns	ns	TS-2221
bone	ns	ns	ns	TS-0088
bone	patella	ns	ns	TS-2416
bone	pelvis	ns	ns	TS-2227
bone	phalanx	ns	ns	TS-2211
bone	radius	ns	ns	TS-2199
bone	rib	ns	ns	TS-2209
bone	sacrum	ns	ns	TS-2201
bone	scapula	ns	ns	TS-0897
bone	skull	ns	ns	TS-2344
bone	sternum	ns	ns	TS-0972
bone	talus	ns	ns	TS-2417
bone	tibia	ns	ns	TS-1048
bone	ulna	ns	ns	TS-2452
bone	vertebrae	ns	ns	TS-2352
breast	extramammary	ns	ns	TS-2090
breast	ns	ns	ns	TS-2083
central_nervous_system	basal_ganglia	ns	ns	TS-1149
central_nervous_system	brain	ns	ns	TS-0095
central_nervous_system	brainstem	ns	ns	TS-0093
central_nervous_system	caudate_nucleus	ns	ns	TS-0121
central_nervous_system	cerebellum	ns	ns	TS-0125
central_nervous_system	cerebral_cortex	ns	ns	TS-0091
central_nervous_system	cerebral_hemisphere	ns	ns	TS-2007
central_nervous_system	cerebrum	ns	ns	TS-1018
central_nervous_system	choroid_plexus	ns	ns	TS-0145
central_nervous_system	cingulate_gyrus	ns	ns	TS-2453
central_nervous_system	corpus_callosum	ns	ns	TS-0180
central_nervous_system	diencephalon	ns	ns	TS-0199
central_nervous_system	fourth_ventricle	ns	ns	TS-2015
central_nervous_system	frontal_lobe	ns	ns	TS-0389
central_nervous_system	frontobasal	ns	ns	TS-1018
central_nervous_system	frontoparietal	ns	ns	TS-1018
central_nervous_system	frontotemporal	ns	ns	TS-1018
central_nervous_system	infratentorial	ns	ns	TS-2354
central_nervous_system	intraventricular	ns	ns	TS-1295
central_nervous_system	lateral_ventricle	ns	ns	TS-1230
central_nervous_system	medulla	ns	ns	TS-0150
central_nervous_system	midbrain	ns	ns	TS-0630
central_nervous_system	middle_cerebellar_peduncle	ns	ns	TS-2415
central_nervous_system	ns	ns	ns	TS-0150
central_nervous_system	occipital_lobe	ns	ns	TS-0693
central_nervous_system	optic_nerve	ns	ns	TS-0713
central_nervous_system	parietal_lobe	ns	ns	TS-0747
central_nervous_system	parietooccipital	ns	ns	TS-1018
central_nervous_system	pineal_gland	ns	ns	TS-0789
central_nervous_system	posterior_fossa	ns	ns	TS-2354
central_nervous_system	sella_turcica	ns	ns	TS-2342
central_nervous_system	spinal_cord	ns	ns	TS-0953
central_nervous_system	supratentorial	ns	ns	TS-1018
central_nervous_system	temporal_lobe	ns	ns	TS-1020
central_nervous_system	temporobasal	ns	ns	TS-1018
central_nervous_system	temporooccipital	ns	ns	TS-1018
central_nervous_system	temporoparietal	ns	ns	TS-1018
central_nervous_system	thalamus	ns	ns	TS-1031
central_nervous_system	third_ventricle	ns	ns	TS-2058
cervix	ns	ns	ns	TS-0134
endometrium	ns	ns	ns	TS-0276
endometrium	ovary	ns	ns	TS-0730
eye	conjunctiva	ns	ns	TS-2232
eye	ns	ns	ns	TS-0309
eye	retina	ns	ns	TS-0865
eye	uveal_tract	ns	ns	TS-2228
fallopian_tube	ns	ns	ns	TS-0732
gastrointestinal_tract_(site_indeterminate)	lymph_node	ns	ns	TS-0579
gastrointestinal_tract_(site_indeterminate)	ns	ns	ns	TS-0407
genital_tract	extragonadal	brain	ns	TS-0095
genital_tract	extragonadal	mediastinum	ns	TS-2338
genital_tract	extragonadal	ns	ns	TS-2090
genital_tract	extragonadal	pineal_gland	ns	TS-0789
genital_tract	extragonadal	retroperitoneum	ns	TS-2337
genital_tract	extragonadal	spinal_cord	ns	TS-0953
genital_tract	ns	ns	ns	TS-1318
haematopoietic_and_lymphoid_tissue	abdomen	ns	ns	TS-0001
haematopoietic_and_lymphoid_tissue	adrenal_gland	ns	ns	TS-0016
haematopoietic_and_lymphoid_tissue	axilla	ns	ns	TS-2208
haematopoietic_and_lymphoid_tissue	breast	ns	ns	TS-2083
haematopoietic_and_lymphoid_tissue	central_nervous_system	ns	ns	TS-0150
haematopoietic_and_lymphoid_tissue	extranodal	ns	ns	TS-2090
haematopoietic_and_lymphoid_tissue	eye	ns	ns	TS-0309
haematopoietic_and_lymphoid_tissue	gastrointestinal_tract_(site_indeterminate)	ns	ns	TS-0407
haematopoietic_and_lymphoid_tissue	groin	ns	ns	TS-2339
haematopoietic_and_lymphoid_tissue	head_neck	ns	ns	TS-2356
haematopoietic_and_lymphoid_tissue	intraabdominal	ns	ns	TS-0001
haematopoietic_and_lymphoid_tissue	kidney	ns	ns	TS-0510
haematopoietic_and_lymphoid_tissue	large_intestine	ns	ns	TS-1306
haematopoietic_and_lymphoid_tissue	leg	ns	ns	TS-2206
haematopoietic_and_lymphoid_tissue	liver	ns	ns	TS-0564
haematopoietic_and_lymphoid_tissue	lung	ns	ns	TS-0568
haematopoietic_and_lymphoid_tissue	lymph_node	ns	ns	TS-0579
haematopoietic_and_lymphoid_tissue	mediastinum	ns	ns	TS-2338
haematopoietic_and_lymphoid_tissue	ns	ns	ns	TS-0449
haematopoietic_and_lymphoid_tissue	ocular_adnexa	ns	ns	TS-2454
haematopoietic_and_lymphoid_tissue	orbit	ns	ns	TS-2497
haematopoietic_and_lymphoid_tissue	ovary	ns	ns	TS-0730
haematopoietic_and_lymphoid_tissue	pharynx	ns	ns	TS-0785
haematopoietic_and_lymphoid_tissue	pleura	ns	ns	TS-2081
haematopoietic_and_lymphoid_tissue	retroperitoneum	ns	ns	TS-2337
haematopoietic_and_lymphoid_tissue	salivary_gland	ns	ns	TS-0892
haematopoietic_and_lymphoid_tissue	sinonasal_and_nasal_cavity	ns	ns	TS-2456
haematopoietic_and_lymphoid_tissue	skin	ns	ns	TS-0934
haematopoietic_and_lymphoid_tissue	small_intestine	ns	ns	TS-0942
haematopoietic_and_lymphoid_tissue	soft_tissue	ns	ns	TS-2090
haematopoietic_and_lymphoid_tissue	spleen	ns	ns	TS-0956
haematopoietic_and_lymphoid_tissue	stomach	ns	ns	TS-0980
haematopoietic_and_lymphoid_tissue	testis	ns	ns	TS-1030
haematopoietic_and_lymphoid_tissue	thyroid	ns	ns	TS-1047
haematopoietic_and_lymphoid_tissue	tongue	ns	ns	TS-1050
haematopoietic_and_lymphoid_tissue	tonsil	ns	ns	TS-1053
haematopoietic_and_lymphoid_tissue	trachea	ns	ns	TS-1060
kidney	ns	ns	ns	TS-0510
large_intestine	anus	ns	ns	TS-2005
large_intestine	appendix	ns	ns	TS-1267
large_intestine	caecum	ns	ns	TS-0122
large_intestine	colon	ascending	ns	TS-0057
large_intestine	colon	descending	ns	TS-2010
large_intestine	colon	left	ns	TS-0202
large_intestine	colon	ns	ns	TS-0158
large_intestine	colon	right	ns	TS-2457
large_intestine	colon	sigmoid	ns	TS-2044
large_intestine	colon	transverse	ns	TS-2052
large_intestine	left	ns	ns	TS-1306
large_intestine	ns	ns	ns	TS-1306
large_intestine	rectum	ns	ns	TS-1180
large_intestine	right	ns	ns	TS-1306
liver	ns	ns	ns	TS-0564
lung	bronchus	ns	ns	TS-1229
lung	left_bronchus	ns	ns	TS-1229
lung	left_lower_lobe	ns	ns	TS-0568
lung	left	ns	ns	TS-0568
lung	left_upper_lobe	ns	ns	TS-0568
lung	lower_lobe	ns	ns	TS-0568
lung	middle_lobe	ns	ns	TS-0568
lung	ns	ns	ns	TS-0568
lung	right_bronchus	ns	ns	TS-1229
lung	right_lower_lobe	ns	ns	TS-0568
lung	right_middle_lobe	ns	ns	TS-0568
lung	right	ns	ns	TS-0568
lung	right_upper_lobe	ns	ns	TS-0568
lung	upper_lobe	ns	ns	TS-0568
meninges	ns	ns	ns	TS-1177
ns	ns	ns	ns	TS-2090
oesophagus	lower_third	ns	ns	TS-0700
oesophagus	middle_third	ns	ns	TS-0700
oesophagus	ns	ns	ns	TS-0700
oesophagus	upper_third	ns	ns	TS-0700
ovary	ns	ns	ns	TS-0730
pancreas	ampulla_of_vater	ns	ns	TS-2348
pancreas	ns	ns	ns	TS-0736
paratesticular_tissues	ns	ns	ns	TS-2355
parathyroid	ns	ns	ns	TS-0745
penis	ns	ns	ns	TS-0758
peritoneum	appendix	ns	ns	TS-1267
peritoneum	colon	ns	ns	TS-0158
peritoneum	ns	ns	ns	TS-2072
pituitary	craniopharyngeal_duct	ns	ns	TS-2347
pituitary	ns	ns	ns	TS-0798
placenta	ns	ns	ns	TS-0799
pleura	ns	ns	ns	TS-2081
prostate	ns	ns	ns	TS-0828
retroperitoneum	ns	ns	ns	TS-2337
salivary_gland	face	ns	ns	TS-2216
salivary_gland	head_neck	ns	ns	TS-0892
salivary_gland	major	ns	ns	TS-2458
salivary_gland	mandible	ns	ns	TS-2225
salivary_gland	maxilla	ns	ns	TS-2217
salivary_gland	maxillary_sinus	ns	ns	TS-2231
salivary_gland	mouth_floor	ns	ns	TS-2207
salivary_gland	mouth	ns	ns	TS-1315
salivary_gland	mouth_roof	ns	ns	TS-2212
salivary_gland	ns	ns	ns	TS-0892
salivary_gland	orbital	ns	ns	TS-2497
salivary_gland	parapharyngeal	ns	ns	TS-2357
salivary_gland	parotid	ns	ns	TS-0748
salivary_gland	retromolar	ns	ns	TS-2353
salivary_gland	sublingual	ns	ns	TS-0987
salivary_gland	submandibular	ns	ns	TS-0988
salivary_gland	sulcus	ns	ns	TS-2459
salivary_gland	tongue	ns	ns	TS-1050
skin	abdomen	ns	ns	TS-0001
skin	acral	ns	ns	TS-0934
skin	ankle	ns	ns	TS-2219
skin	anorectal	ns	ns	TS-2160
skin	arm	ns	ns	TS-2204
skin	axilla	ns	ns	TS-2208
skin	back	ns	ns	TS-2223
skin	breast_inframammary	ns	ns	TS-2350
skin	breast	ns	ns	TS-2083
skin	buttock	ns	ns	TS-2224
skin	chest	ns	ns	TS-1039
skin	chronically_sun_exposed_site	ns	ns	TS-0934
skin	ear	ns	ns	TS-1165
skin	elbow	ns	ns	TS-2222
skin	extremity	ns	ns	TS-0552
skin	eye	ns	ns	TS-0309
skin	face	ns	ns	TS-2216
skin	flank	ns	ns	TS-2336
skin	foot	ns	ns	TS-0377
skin	forearm	ns	ns	TS-2205
skin	genital	ns	ns	TS-1318
skin	groin	ns	ns	TS-2339
skin	hand	ns	ns	TS-2213
skin	head_neck	ns	ns	TS-2356
skin	hip	ns	ns	TS-2226
skin	intermittently_sun_exposed_site	ns	ns	TS-0934
skin	knee	ns	ns	TS-2220
skin	labia	ns	ns	TS-2210
skin	leg	ns	ns	TS-2206
skin	lip	ns	ns	TS-0558
skin	lower_back	ns	ns	TS-2223
skin	lower_extremity	ns	ns	TS-2215
skin	lower_leg	ns	ns	TS-2461
skin	mucosal	ns	ns	TS-2031
skin	neck	ns	ns	TS-2045
skin	nipple	ns	ns	TS-2234
skin	non_chronically_sun_exposed_site	ns	ns	TS-0934
skin	ns	ns	ns	TS-0934
skin	ovary	ns	ns	TS-0730
skin	penis	ns	ns	TS-0758
skin	pubis	ns	ns	TS-2346
skin	scalp	ns	ns	TS-0896
skin	scrotum	ns	ns	TS-2341
skin	shoulder	ns	ns	TS-2229
skin	sole	ns	ns	TS-0379
skin	subungual	ns	ns	TS-0934
skin	sun_exposed_site	ns	ns	TS-0934
skin	trunk	ns	ns	TS-1071
skin	upper_arm	ns	ns	TS-2462
skin	upper_back	ns	ns	TS-2223
skin	upper_extremity	ns	ns	TS-2214
skin	upper_leg	ns	ns	TS-2039
skin	vulva	ns	ns	TS-1168
small_intestine	duodenum	ns	ns	TS-0214
small_intestine	ileum	ns	ns	TS-0472
small_intestine	jejunum	ns	ns	TS-0496
small_intestine	ns	ns	ns	TS-0942
soft_tissue	blood_vessel	abdomen	ns	TS-0001
soft_tissue	blood_vessel	ankle	ns	TS-2219
soft_tissue	blood_vessel	arm	ns	TS-2204
soft_tissue	blood_vessel	back	ns	TS-2223
soft_tissue	blood_vessel	bone	ns	TS-0088
soft_tissue	blood_vessel	brain	ns	TS-0095
soft_tissue	blood_vessel	brainstem	ns	TS-0093
soft_tissue	blood_vessel	breast	ns	TS-2083
soft_tissue	blood_vessel	buttock	ns	TS-2224
soft_tissue	blood_vessel	central_nervous_system	ns	TS-0150
soft_tissue	blood_vessel	chest	ns	TS-1039
soft_tissue	blood_vessel	finger	ns	TS-2460
soft_tissue	blood_vessel	foot	ns	TS-0377
soft_tissue	blood_vessel	forearm	ns	TS-2205
soft_tissue	blood_vessel	hand	ns	TS-2213
soft_tissue	blood_vessel	head_neck	ns	TS-2356
soft_tissue	blood_vessel	heart	ns	TS-0445
soft_tissue	blood_vessel	hip	ns	TS-2226
soft_tissue	blood_vessel	kidney	ns	TS-0510
soft_tissue	blood_vessel	leg	ns	TS-2206
soft_tissue	blood_vessel	liver	ns	TS-0564
soft_tissue	blood_vessel	lower_leg	ns	TS-2461
soft_tissue	blood_vessel	lung	ns	TS-0568
soft_tissue	blood_vessel	nose	ns	TS-2037
soft_tissue	blood_vessel	ns	ns	TS-2090
soft_tissue	blood_vessel	skin	ns	TS-0934
soft_tissue	blood_vessel	small_intestine	ns	TS-0942
soft_tissue	blood_vessel	spinal_cord	ns	TS-0953
soft_tissue	blood_vessel	tibia	ns	TS-1048
soft_tissue	blood_vessel	upper_arm	ns	TS-2462
soft_tissue	blood_vessel	upper_leg	ns	TS-2039
soft_tissue	blood_vessel	uterus	ns	TS-1102
soft_tissue	blood_vessel	wrist	ns	TS-2463
soft_tissue	fat	abdomen	ns	TS-0001
soft_tissue	fat	buttock	ns	TS-2224
soft_tissue	fat	chest	ns	TS-1039
soft_tissue	fat	chest_wall	ns	TS-2464
soft_tissue	fat	groin	ns	TS-2339
soft_tissue	fat	head_neck	ns	TS-2356
soft_tissue	fat	kidney	ns	TS-0510
soft_tissue	fat	leg	ns	TS-2206
soft_tissue	fat	lower_leg	ns	TS-2461
soft_tissue	fat	mediastinum	ns	TS-2338
soft_tissue	fat	mesentery	ns	TS-2465
soft_tissue	fat	ns	ns	TS-0013
soft_tissue	fat	pelvis	ns	TS-2227
soft_tissue	fat	retroperitoneum	ns	TS-2337
soft_tissue	fat	trunk	ns	TS-1071
soft_tissue	fat	upper_leg	ns	TS-2039
soft_tissue	fibrous_tissue_and_uncertain_origin	abdomen	ns	TS-0001
soft_tissue	fibrous_tissue_and_uncertain_origin	abdominal_wall	ns	TS-2466
soft_tissue	fibrous_tissue_and_uncertain_origin	ampulla_of_vater	ns	TS-2348
soft_tissue	fibrous_tissue_and_uncertain_origin	arm	ns	TS-2204
soft_tissue	fibrous_tissue_and_uncertain_origin	axilla	ns	TS-2208
soft_tissue	fibrous_tissue_and_uncertain_origin	back	ns	TS-2223
soft_tissue	fibrous_tissue_and_uncertain_origin	brachial_plexus	ns	TS-2468
soft_tissue	fibrous_tissue_and_uncertain_origin	breast	ns	TS-2083
soft_tissue	fibrous_tissue_and_uncertain_origin	buttock	ns	TS-2224
soft_tissue	fibrous_tissue_and_uncertain_origin	chest_cavity	ns	TS-2471
soft_tissue	fibrous_tissue_and_uncertain_origin	chest	ns	TS-1039
soft_tissue	fibrous_tissue_and_uncertain_origin	chest_wall	ns	TS-2464
soft_tissue	fibrous_tissue_and_uncertain_origin	digit	ns	TS-2460
soft_tissue	fibrous_tissue_and_uncertain_origin	distal	ns	TS-0552
soft_tissue	fibrous_tissue_and_uncertain_origin	elbow	ns	TS-2222
soft_tissue	fibrous_tissue_and_uncertain_origin	endometrium	ns	TS-0276
soft_tissue	fibrous_tissue_and_uncertain_origin	extra_abdominal_site	ns	TS-2090
soft_tissue	fibrous_tissue_and_uncertain_origin	extra-gastrointestinal_site	ns	TS-2090
soft_tissue	fibrous_tissue_and_uncertain_origin	extremity	ns	TS-0552
soft_tissue	fibrous_tissue_and_uncertain_origin	face	ns	TS-2216
soft_tissue	fibrous_tissue_and_uncertain_origin	foot	ns	TS-0377
soft_tissue	fibrous_tissue_and_uncertain_origin	forearm	ns	TS-2205
soft_tissue	fibrous_tissue_and_uncertain_origin	forehead	ns	TS-2478
soft_tissue	fibrous_tissue_and_uncertain_origin	gastrointestinal_tract_(site_indeterminate)	ns	TS-0407
soft_tissue	fibrous_tissue_and_uncertain_origin	groin	ns	TS-2339
soft_tissue	fibrous_tissue_and_uncertain_origin	hard_palate	ns	TS-2479
soft_tissue	fibrous_tissue_and_uncertain_origin	head_neck	ns	TS-2356
soft_tissue	fibrous_tissue_and_uncertain_origin	head	ns	TS-0436
soft_tissue	fibrous_tissue_and_uncertain_origin	heart	ns	TS-0445
soft_tissue	fibrous_tissue_and_uncertain_origin	iliotibial_band	ns	TS-2480
soft_tissue	fibrous_tissue_and_uncertain_origin	intramuscular	ns	TS-0642
soft_tissue	fibrous_tissue_and_uncertain_origin	jaw	ns	TS-2482
soft_tissue	fibrous_tissue_and_uncertain_origin	kidney	ns	TS-0510
soft_tissue	fibrous_tissue_and_uncertain_origin	knee	ns	TS-2220
soft_tissue	fibrous_tissue_and_uncertain_origin	large_intestine	ns	TS-1306
soft_tissue	fibrous_tissue_and_uncertain_origin	leg	ns	TS-2206
soft_tissue	fibrous_tissue_and_uncertain_origin	liver	ns	TS-0564
soft_tissue	fibrous_tissue_and_uncertain_origin	lower_extremity	ns	TS-2215
soft_tissue	fibrous_tissue_and_uncertain_origin	lower_leg	ns	TS-2461
soft_tissue	fibrous_tissue_and_uncertain_origin	lung	ns	TS-0568
soft_tissue	fibrous_tissue_and_uncertain_origin	lymph_node	ns	TS-0579
soft_tissue	fibrous_tissue_and_uncertain_origin	mediastinum	ns	TS-2338
soft_tissue	fibrous_tissue_and_uncertain_origin	meninges	ns	TS-1177
soft_tissue	fibrous_tissue_and_uncertain_origin	mesentery	ns	TS-2465
soft_tissue	fibrous_tissue_and_uncertain_origin	mesocolon	ns	TS-2483
soft_tissue	fibrous_tissue_and_uncertain_origin	mouth	ns	TS-1315
soft_tissue	fibrous_tissue_and_uncertain_origin	neck	ns	TS-2045
soft_tissue	fibrous_tissue_and_uncertain_origin	nose	ns	TS-2037
soft_tissue	fibrous_tissue_and_uncertain_origin	ns	ns	TS-2090
soft_tissue	fibrous_tissue_and_uncertain_origin	oesophagus	ns	TS-0700
soft_tissue	fibrous_tissue_and_uncertain_origin	omentum	ns	TS-2004
soft_tissue	fibrous_tissue_and_uncertain_origin	ovary	ns	TS-0730
soft_tissue	fibrous_tissue_and_uncertain_origin	pancreas	ns	TS-0736
soft_tissue	fibrous_tissue_and_uncertain_origin	paraspinal	ns	TS-2090
soft_tissue	fibrous_tissue_and_uncertain_origin	parotid	ns	TS-0748
soft_tissue	fibrous_tissue_and_uncertain_origin	pelvic_cavity	ns	TS-2487
soft_tissue	fibrous_tissue_and_uncertain_origin	pelvis	ns	TS-2227
soft_tissue	fibrous_tissue_and_uncertain_origin	peritoneum	ns	TS-2072
soft_tissue	fibrous_tissue_and_uncertain_origin	pharynx	ns	TS-0785
soft_tissue	fibrous_tissue_and_uncertain_origin	pituitary	ns	TS-0798
soft_tissue	fibrous_tissue_and_uncertain_origin	pleura	ns	TS-2081
soft_tissue	fibrous_tissue_and_uncertain_origin	popliteal	ns	TS-2490
soft_tissue	fibrous_tissue_and_uncertain_origin	prostate	ns	TS-0828
soft_tissue	fibrous_tissue_and_uncertain_origin	proximal	ns	TS-2090
soft_tissue	fibrous_tissue_and_uncertain_origin	rectovaginal	ns	TS-2491
soft_tissue	fibrous_tissue_and_uncertain_origin	rectovaginal_septum	ns	TS-2491
soft_tissue	fibrous_tissue_and_uncertain_origin	retroperitoneum	ns	TS-2337
soft_tissue	fibrous_tissue_and_uncertain_origin	scalp	ns	TS-0896
soft_tissue	fibrous_tissue_and_uncertain_origin	shoulder	ns	TS-2229
soft_tissue	fibrous_tissue_and_uncertain_origin	sinonasal_and_nasal_cavity	ns	TS-2456
soft_tissue	fibrous_tissue_and_uncertain_origin	skin	ns	TS-0934
soft_tissue	fibrous_tissue_and_uncertain_origin	small_intestine	ns	TS-0942
soft_tissue	fibrous_tissue_and_uncertain_origin	stomach	ns	TS-0980
soft_tissue	fibrous_tissue_and_uncertain_origin	tendon_sheath	ns	TS-2139
soft_tissue	fibrous_tissue_and_uncertain_origin	thyroid	ns	TS-1047
soft_tissue	fibrous_tissue_and_uncertain_origin	toe	ns	TS-2494
soft_tissue	fibrous_tissue_and_uncertain_origin	trunk	ns	TS-1071
soft_tissue	fibrous_tissue_and_uncertain_origin	upper_arm	ns	TS-2462
soft_tissue	fibrous_tissue_and_uncertain_origin	upper_extremity	ns	TS-2214
soft_tissue	fibrous_tissue_and_uncertain_origin	upper_leg	ns	TS-2039
soft_tissue	fibrous_tissue_and_uncertain_origin	uterus	ns	TS-1102
soft_tissue	fibrous_tissue_and_uncertain_origin	vagina	ns	TS-1103
soft_tissue	fibrous_tissue_and_uncertain_origin	vulva	ns	TS-1168
soft_tissue	nerve_sheath	abdomen	ns	TS-0001
soft_tissue	nerve_sheath	arm	ns	TS-2204
soft_tissue	nerve_sheath	axilla	ns	TS-2208
soft_tissue	nerve_sheath	back	ns	TS-2223
soft_tissue	nerve_sheath	brain	ns	TS-0808
soft_tissue	nerve_sheath	buttock	ns	TS-2224
soft_tissue	nerve_sheath	chest	ns	TS-1039
soft_tissue	nerve_sheath	cranial	ns	TS-2472
soft_tissue	nerve_sheath	face	ns	TS-2216
soft_tissue	nerve_sheath	femur	ns	TS-0322
soft_tissue	nerve_sheath	flank	ns	TS-2336
soft_tissue	nerve_sheath	foot	ns	TS-0377
soft_tissue	nerve_sheath	forearm	ns	TS-2205
soft_tissue	nerve_sheath	groin	ns	TS-2339
soft_tissue	nerve_sheath	hand	ns	TS-2213
soft_tissue	nerve_sheath	head_neck	ns	TS-2356
soft_tissue	nerve_sheath	jaw	ns	TS-2482
soft_tissue	nerve_sheath	knee	ns	TS-2220
soft_tissue	nerve_sheath	leg	ns	TS-2206
soft_tissue	nerve_sheath	mediastinum	ns	TS-2338
soft_tissue	nerve_sheath	neck	ns	TS-2045
soft_tissue	nerve_sheath	nose	ns	TS-2037
soft_tissue	nerve_sheath	ns	ns	TS-0808
soft_tissue	nerve_sheath	pelvis	ns	TS-2227
soft_tissue	nerve_sheath	rectum	ns	TS-1180
soft_tissue	nerve_sheath	retroperitoneum	ns	TS-2337
soft_tissue	nerve_sheath	scalp	ns	TS-0896
soft_tissue	nerve_sheath	sciatic_nerve	ns	TS-0899
soft_tissue	nerve_sheath	shoulder	ns	TS-2229
soft_tissue	nerve_sheath	spinal	ns	TS-2492
soft_tissue	nerve_sheath	spine	ns	TS-2492
soft_tissue	nerve_sheath	stomach	ns	TS-0980
soft_tissue	nerve_sheath	tibial	ns	TS-2493
soft_tissue	nerve_sheath	trunk	ns	TS-1071
soft_tissue	nerve_sheath	ulnary	ns	TS-2495
soft_tissue	nerve_sheath	upper_extremity	ns	TS-2214
soft_tissue	nerve_sheath	upper_leg	ns	TS-2039
soft_tissue	nerve_sheath	vestibular	ns	TS-2496
soft_tissue	ns	liver	ns	TS-0564
soft_tissue	ns	ns	ns	TS-2090
soft_tissue	smooth_muscle	abdomen	ns	TS-0001
soft_tissue	smooth_muscle	arm	ns	TS-2204
soft_tissue	smooth_muscle	bone	ns	TS-0088
soft_tissue	smooth_muscle	breast	ns	TS-2083
soft_tissue	smooth_muscle	chest	ns	TS-1039
soft_tissue	smooth_muscle	inferior_vena_cava	ns	TS-2481
soft_tissue	smooth_muscle	kidney	ns	TS-0510
soft_tissue	smooth_muscle	leg	ns	TS-2206
soft_tissue	smooth_muscle	lung	ns	TS-0568
soft_tissue	smooth_muscle	ns	ns	TS-0943
soft_tissue	smooth_muscle	oesophagus	ns	TS-0700
soft_tissue	smooth_muscle	ovary	ns	TS-0730
soft_tissue	smooth_muscle	parametrium	ns	TS-2486
soft_tissue	smooth_muscle	pelvis	ns	TS-2227
soft_tissue	smooth_muscle	peritoneum	ns	TS-2072
soft_tissue	smooth_muscle	retroperitoneum	ns	TS-2337
soft_tissue	smooth_muscle	shoulder	ns	TS-2229
soft_tissue	smooth_muscle	small_intestine	ns	TS-0942
soft_tissue	smooth_muscle	stomach	ns	TS-0980
soft_tissue	smooth_muscle	upper_leg	ns	TS-2039
soft_tissue	smooth_muscle	uterus	ns	TS-1102
soft_tissue	striated_muscle	abdomen	ns	TS-0001
soft_tissue	striated_muscle	abdominal_wall	ns	TS-2466
soft_tissue	striated_muscle	arm	ns	TS-2204
soft_tissue	striated_muscle	back	ns	TS-2223
soft_tissue	striated_muscle	bladder	ns	TS-0394
soft_tissue	striated_muscle	buttock	ns	TS-2224
soft_tissue	striated_muscle	cervix	ns	TS-0134
soft_tissue	striated_muscle	cheek	ns	TS-2470
soft_tissue	striated_muscle	chest	ns	TS-1039
soft_tissue	striated_muscle	chest_wall	ns	TS-2464
soft_tissue	striated_muscle	diaphragm	ns	TS-0198
soft_tissue	striated_muscle	extrarenal	ns	TS-2090
soft_tissue	striated_muscle	extremity	ns	TS-0552
soft_tissue	striated_muscle	face	ns	TS-2216
soft_tissue	striated_muscle	female_genital_tract_(site_indeterminate)	ns	TS-1303
soft_tissue	striated_muscle	foot	ns	TS-0377
soft_tissue	striated_muscle	forearm	ns	TS-2205
soft_tissue	striated_muscle	genital_tract	ns	TS-1318
soft_tissue	striated_muscle	hand	ns	TS-2213
soft_tissue	striated_muscle	head_neck	ns	TS-2356
soft_tissue	striated_muscle	heart	ns	TS-0445
soft_tissue	striated_muscle	hip	ns	TS-2226
soft_tissue	striated_muscle	jaw	ns	TS-2482
soft_tissue	striated_muscle	kidney	ns	TS-0510
soft_tissue	striated_muscle	large_intestine	ns	TS-1306
soft_tissue	striated_muscle	liver	ns	TS-0564
soft_tissue	striated_muscle	lower_extremity	ns	TS-2215
soft_tissue	striated_muscle	lower_leg	ns	TS-2461
soft_tissue	striated_muscle	lung	ns	TS-0568
soft_tissue	striated_muscle	lymph_node	ns	TS-0579
soft_tissue	striated_muscle	maxillary	ns	TS-2217
soft_tissue	striated_muscle	mediastinum	ns	TS-2338
soft_tissue	striated_muscle	middle_ear	ns	TS-2233
soft_tissue	striated_muscle	mouth	ns	TS-1315
soft_tissue	striated_muscle	neck	ns	TS-2045
soft_tissue	striated_muscle	ns	ns	TS-2047
soft_tissue	striated_muscle	orbit	ns	TS-2497
soft_tissue	striated_muscle	ovary	ns	TS-0730
soft_tissue	striated_muscle	paraspinal	ns	TS-2047
soft_tissue	striated_muscle	paratestis	ns	TS-2047
soft_tissue	striated_muscle	pelvic_cavity	ns	TS-2487
soft_tissue	striated_muscle	pelvis	ns	TS-2227
soft_tissue	striated_muscle	perineum	ns	TS-2488
soft_tissue	striated_muscle	pharynx	ns	TS-0785
soft_tissue	striated_muscle	pleura	ns	TS-2081
soft_tissue	striated_muscle	prostate	ns	TS-0828
soft_tissue	striated_muscle	retroperitoneum	ns	TS-2337
soft_tissue	striated_muscle	scalp	ns	TS-0896
soft_tissue	striated_muscle	shoulder	ns	TS-2229
soft_tissue	striated_muscle	sinonasal	ns	TS-2456
soft_tissue	striated_muscle	testis	ns	TS-1030
soft_tissue	striated_muscle	trunk	ns	TS-1071
soft_tissue	striated_muscle	upper_aerodigestive_tract	ns	TS-2047
soft_tissue	striated_muscle	upper_extremity	ns	TS-2214
soft_tissue	striated_muscle	upper_leg	ns	TS-2039
soft_tissue	striated_muscle	vagina	ns	TS-1103
soft_tissue	striated_muscle	vulva	ns	TS-1168
stomach	ns	ns	ns	TS-0980
testis	ns	ns	ns	TS-1030
thymus	ns	ns	ns	TS-1043
thymus	thyroid	ns	ns	TS-1047
thyroid	ns	ns	ns	TS-1047
upper_aerodigestive_tract	head_neck	ns	ns	TS-2356
upper_aerodigestive_tract	larynx	glottis	ns	TS-2474
upper_aerodigestive_tract	larynx	ns	ns	TS-0532
upper_aerodigestive_tract	larynx	subglottis	ns	TS-2475
upper_aerodigestive_tract	larynx	supraglottis	ns	TS-2476
upper_aerodigestive_tract	middle_ear	ns	ns	TS-2233
upper_aerodigestive_tract	mouth	alveolus	ns	TS-0031
upper_aerodigestive_tract	mouth	alveolus_ridge	ns	TS-2467
upper_aerodigestive_tract	mouth	buccal_mucosa	ns	TS-2349
upper_aerodigestive_tract	mouth	cheek	ns	TS-2470
upper_aerodigestive_tract	mouth	gingiva	ns	TS-2074
upper_aerodigestive_tract	mouth	lip	ns	TS-0558
upper_aerodigestive_tract	mouth	maxilla	ns	TS-2217
upper_aerodigestive_tract	mouth	mouth_floor	ns	TS-2207
upper_aerodigestive_tract	mouth	mouth_roof	ns	TS-2212
upper_aerodigestive_tract	mouth	ns	ns	TS-1315
upper_aerodigestive_tract	mouth	retromolar	ns	TS-2353
upper_aerodigestive_tract	mouth	tongue	ns	TS-1050
upper_aerodigestive_tract	mouth	vestibule	ns	TS-1315
upper_aerodigestive_tract	pharynx	epiglottis	ns	TS-2473
upper_aerodigestive_tract	pharynx	hypopharynx	ns	TS-2020
upper_aerodigestive_tract	pharynx	nasopharynx	ns	TS-0663
upper_aerodigestive_tract	pharynx	ns	ns	TS-0785
upper_aerodigestive_tract	pharynx	oropharynx	ns	TS-0718
upper_aerodigestive_tract	sinonasal_and_nasal_cavity	ns	ns	TS-2456
upper_aerodigestive_tract	sinonasal_and_nasal_cavity	sinus	ethmoid	TS-2477
upper_aerodigestive_tract	sinonasal_and_nasal_cavity	sinus	maxillary	TS-2231
upper_aerodigestive_tract	sinonasal_and_nasal_cavity	sinus	ns	TS-2456
upper_aerodigestive_tract	sinonasal_and_nasal_cavity	sinus	piriform	TS-2489
upper_aerodigestive_tract	tonsil	ns	ns	TS-1053
upper_aerodigestive_tract	trachea	ns	ns	TS-1060
urinary_tract	bladder	ns	ns	TS-1090
urinary_tract	ns	ns	ns	TS-1323
urinary_tract	renal_pelvis	ns	ns	TS-2230
urinary_tract	upper_urinary_tract	ns	ns	TS-1323
urinary_tract	ureter	ns	ns	TS-1084
vagina	ns	ns	ns	TS-1103
vulva	ns	ns	ns	TS-1168
Primary site	Site subtype 1	Site subtype 2	Site subtype 3	CALOHA
autonomic_ganglia	thoraco-abdomen	ns	ns	TS-1071
breast	nipple	ns	ns	TS-2234
central_nervous system	lateral ventricle trigone	ns	ns	TS-1230
eye	lacrimal_gland	ns	ns	TS-0512
genital_tract	extragonadal	central nervous system	ns	TS-0150
haematopoietic_and lymphoid tissue	blood vessel	ns	ns	TS-2090
haematopoietic_and lymphoid tissue	bone	ns	ns	TS-0088
haematopoietic_and lymphoid tissue	extramedullary	ns	ns	TS-2090
haematopoietic_and lymphoid tissue	lip	ns	ns	TS-0558
pancreas	extrapancreatic	ns	ns	TS-2090
pericardium	ns	ns	ns	TS-0761
pituitary	adenohypophysis	ns	ns	TS-0794
skin	chest_wall	ns	ns	TS-2464
soft_tissue	blood vessel	face	ns	TS-2216
soft_tissue	blood vessel	groin	ns	TS-2339
soft_tissue	blood vessel	labia	ns	TS-2210
soft_tissue	blood vessel	lower extremity	ns	TS-2215
soft_tissue	blood vessel	neck	ns	TS-2045
soft_tissue	blood vessel	orbit	ns	TS-2497
soft_tissue	blood vessel	scalp	ns	TS-0896
soft_tissue	blood vessel	tongue	ns	TS-1050
soft_tissue	blood vessel	trunk	ns	TS-1071
soft_tissue	fat	extremity	ns	TS-0552
soft_tissue	fat	face	ns	TS-2216
soft_tissue	fat	lower extremity	ns	TS-2215
soft_tissue	fibrous tissue and uncertain origin	hip	ns	TS-2226
soft_tissue	fibrous tissue and uncertain origin	sciatic nerve	ns	TS-0899
soft_tissue	nerve sheath	brachial plexus	ns	TS-2468
soft_tissue	smooth muscle	cervix	ns	TS-0134
soft_tissue	smooth muscle	iliac vein	ns	TS-2498
soft_tissue	smooth muscle	omentum	ns	TS-2004
soft_tissue	striated muscle	elbow	ns	TS-2222
soft_tissue	striated muscle	omentum	ns	TS-2004
soft_tissue	striated muscle	sinonasal and nasal cavity	ns	TS-2456
soft_tissue	striated muscle	skull	ns	TS-2344
soft_tissue	striated muscle	uterus	ns	TS-1102
stomach	gastroesophageal_junction	ns	ns	TS-2499
upper_aerodigestive tract	mouth	commissure	ns	TS-1315
upper_aerodigestive tract	mouth	retromolar trigone	ns	TS-2353
urinary_tract	bladder	urachus	ns	TS-2500
